RF_KO,name,definition,pathways,Share(+),Only_one(+),Neither(+),Share(-),Only_one(-),Neither(-)
K02257,"['COX10, ctaB, cyoE']",heme o synthase [EC:2.5.1.141],"{'ko00190': 'Oxidative phosphorylation', 'ko01100': 'Metabolic pathways', 'ko00860': 'Porphyrin and chlorophyll metabolism', 'ko04714': 'Thermogenesis', 'ko01110': 'Biosynthesis of secondary metabolites'}",2.575,3.45,93.975,42.475,45.825,11.7
K02274,"['coxA, ctaD']",cytochrome c oxidase subunit I [EC:1.9.3.1],"{'ko00190': 'Oxidative phosphorylation', 'ko01100': 'Metabolic pathways'}",1.275,2.9,95.825,35.7,48.8,15.5
K02259,"['COX15, ctaA']",cytochrome c oxidase assembly protein subunit 15,"{'ko01100': 'Metabolic pathways', 'ko04714': 'Thermogenesis', 'ko00190': 'Oxidative phosphorylation', 'ko02020': 'Two-component system', 'ko00860': 'Porphyrin and chlorophyll metabolism', 'ko01110': 'Biosynthesis of secondary metabolites'}",1.475,3.85,94.675,34.45,49.375,16.175
K02275,"['coxB, ctaC']",cytochrome c oxidase subunit II [EC:1.9.3.1],"{'ko00190': 'Oxidative phosphorylation', 'ko01100': 'Metabolic pathways'}",1.275,2.9,95.825,34.775,49.3,15.925
K01772,"['hemH, FECH']",protoporphyrin/coproporphyrin ferrochelatase [EC:4.99.1.1 4.99.1.9],"{'ko01100': 'Metabolic pathways', 'ko00860': 'Porphyrin and chlorophyll metabolism', 'ko01110': 'Biosynthesis of secondary metabolites'}",4.475,13.825,81.7,56.975,36.85,6.175
K00627,"['DLAT, aceF, pdhC']",pyruvate dehydrogenase E2 component (dihydrolipoamide acetyltransferase) [EC:2.3.1.12],"{'ko00020': 'Citrate cycle (TCA cycle)', 'ko01100': 'Metabolic pathways', 'ko01120': 'Microbial metabolism in diverse environments', 'ko00010': 'Glycolysis / Gluconeogenesis', 'ko01110': 'Biosynthesis of secondary metabolites', 'ko00620': 'Pyruvate metabolism', 'ko01130': 'Biosynthesis of antibiotics', 'ko01200': 'Carbon metabolism'}",5.625,15.275,79.1,58.625,36.075,5.3
K02276,"['coxC, ctaE']",cytochrome c oxidase subunit III [EC:1.9.3.1],"{'ko00190': 'Oxidative phosphorylation', 'ko01100': 'Metabolic pathways'}",1.25,2.9,95.85,34.05,49.625,16.325
K01669,['phrB'],deoxyribodipyrimidine photo-lyase [EC:4.1.99.3],,2.45,5.85,91.7,32.725,48.625,18.65
K21636,['nrdD'],ribonucleoside-triphosphate reductase (formate) [EC:1.1.98.6],"{'ko00230': 'Purine metabolism', 'ko00240': 'Pyrimidine metabolism', 'ko01100': 'Metabolic pathways'}",91.725,5.05,3.225,15.275,47,37.725
K03635,"['MOCS2B, moaE']",molybdopterin synthase catalytic subunit [EC:2.8.1.12],"{'ko01100': 'Metabolic pathways', 'ko00790': 'Folate biosynthesis', 'ko04122': 'Sulfur relay system'}",2.55,4.25,93.2,32.05,49.775,18.175
K00164,"['OGDH, sucA']",2-oxoglutarate dehydrogenase E1 component [EC:1.2.4.2],"{'ko00020': 'Citrate cycle (TCA cycle)', 'ko01120': 'Microbial metabolism in diverse environments', 'ko01110': 'Biosynthesis of secondary metabolites', 'ko01100': 'Metabolic pathways', 'ko00310': 'Lysine degradation', 'ko01130': 'Biosynthesis of antibiotics', 'ko00380': 'Tryptophan metabolism', 'ko01200': 'Carbon metabolism'}",3.425,8.675,87.9,40.75,47.15,12.1
K04068,['nrdG'],anaerobic ribonucleoside-triphosphate reductase activating protein [EC:1.97.1.4],,85.1,11.2,3.7,10.8,43.55,45.65
K01724,"['PCBD, phhB']",4a-hydroxytetrahydrobiopterin dehydratase [EC:4.2.1.96],{'ko00790': 'Folate biosynthesis'},0.95,1.475,97.575,25.9,50.175,23.925
K00162,"['PDHB, pdhB']",pyruvate dehydrogenase E1 component beta subunit [EC:1.2.4.1],"{'ko00020': 'Citrate cycle (TCA cycle)', 'ko04066': 'HIF-1 signaling pathway', 'ko04922': 'Glucagon signaling pathway', 'ko01100': 'Metabolic pathways', 'ko01120': 'Microbial metabolism in diverse environments', 'ko00010': 'Glycolysis / Gluconeogenesis', 'ko01110': 'Biosynthesis of secondary metabolites', 'ko05230': 'Central carbon metabolism in cancer', 'ko00620': 'Pyruvate metabolism', 'ko01130': 'Biosynthesis of antibiotics', 'ko01200': 'Carbon metabolism'}",3.525,10.6,85.875,35.125,48.3,16.575
K00161,"['PDHA, pdhA']",pyruvate dehydrogenase E1 component alpha subunit [EC:1.2.4.1],"{'ko00020': 'Citrate cycle (TCA cycle)', 'ko04066': 'HIF-1 signaling pathway', 'ko04922': 'Glucagon signaling pathway', 'ko01100': 'Metabolic pathways', 'ko01120': 'Microbial metabolism in diverse environments', 'ko00010': 'Glycolysis / Gluconeogenesis', 'ko01110': 'Biosynthesis of secondary metabolites', 'ko05230': 'Central carbon metabolism in cancer', 'ko00620': 'Pyruvate metabolism', 'ko01130': 'Biosynthesis of antibiotics', 'ko01200': 'Carbon metabolism'}",3.525,10.6,85.875,35.225,48.25,16.525
K01011,"['TST, MPST, sseA']",thiosulfate/3-mercaptopyruvate sulfurtransferase [EC:2.8.1.1 2.8.1.2],"{'ko01120': 'Microbial metabolism in diverse environments', 'ko01100': 'Metabolic pathways', 'ko00270': 'Cysteine and methionine metabolism', 'ko00920': 'Sulfur metabolism', 'ko04122': 'Sulfur relay system'}",3.15,2.95,93.9,32.025,49.95,18.025
K00135,['gabD'],succinate-semialdehyde dehydrogenase / glutarate-semialdehyde dehydrogenase [EC:1.2.1.16 1.2.1.79 1.2.1.20],"{'ko01100': 'Metabolic pathways', 'ko00310': 'Lysine degradation', 'ko00650': 'Butanoate metabolism', 'ko01120': 'Microbial metabolism in diverse environments', 'ko00760': 'Nicotinate and nicotinamide metabolism', 'ko00350': 'Tyrosine metabolism', 'ko00250': 'Alanine, aspartate and glutamate metabolism'}",4.025,11.65,84.325,41.975,46.3,11.725
K13628,['iscA'],iron-sulfur cluster assembly protein,,2.8,2.775,94.425,26.65,51.025,22.325
K01255,"['CARP, pepA']",leucyl aminopeptidase [EC:3.4.11.1],"{'ko01100': 'Metabolic pathways', 'ko00480': 'Glutathione metabolism'}",4.15,17.625,78.225,47.225,43.325,9.45
K03636,"['moaD, cysO']",sulfur-carrier protein,{'ko04122': 'Sulfur relay system'},1.7,8.375,89.925,31.825,50.175,18
K06886,['glbN'],hemoglobin,,1.65,5.3,93.05,29.65,50.9,19.45
K08303,['K08303'],putative protease [EC:3.4.-.-],{'ko05120': 'Epithelial cell signaling in Helicobacter pylori infection'},92.45,5.975,1.575,26.3,49.775,23.925
K02221,['yggT'],YggT family protein,,7.75,19.35,72.9,45.3,44.425,10.275
K07152,['SCO1_2'],protein SCO1/2,,1.625,3,95.375,23.2,51.275,25.525
K01589,['purK'],5-(carboxyamino)imidazole ribonucleotide synthase [EC:6.3.4.18],"{'ko00230': 'Purine metabolism', 'ko01100': 'Metabolic pathways', 'ko01130': 'Biosynthesis of antibiotics', 'ko01110': 'Biosynthesis of secondary metabolites'}",7.2,19.55,73.25,56.275,37.475,6.25
K17828,['pyrDI'],dihydroorotate dehydrogenase (NAD+) catalytic subunit [EC:1.3.1.14],"{'ko00240': 'Pyrimidine metabolism', 'ko01100': 'Metabolic pathways'}",81.65,14.175,4.175,13.125,42.925,43.95
K00573,"['E2.1.1.77, pcm']",protein-L-isoaspartate(D-aspartate) O-methyltransferase [EC:2.1.1.77],,1.875,3.125,95,25.5,48.825,25.675
K03980,"['murJ, mviN']",putative peptidoglycan lipid II flippase,,5.225,18.925,75.85,41.15,45.825,13.025
K01419,"['hslV, clpQ']","ATP-dependent HslUV protease, peptidase subunit HslV [EC:3.4.25.2]",,2.275,9.05,88.675,26.3,50.15,23.55
K03667,['hslU'],ATP-dependent HslUV protease ATP-binding subunit HslU,,2.525,8.825,88.65,26.5,50.125,23.375
K00632,"['fadA, fadI']",acetyl-CoA acyltransferase [EC:2.3.1.16],"{'ko00071': 'Fatty acid degradation', 'ko00280': 'Valine, leucine and isoleucine degradation', 'ko01120': 'Microbial metabolism in diverse environments', 'ko00642': 'Ethylbenzene degradation', 'ko01212': 'Fatty acid metabolism', 'ko00281': 'Geraniol degradation', 'ko01130': 'Biosynthesis of antibiotics', 'ko01110': 'Biosynthesis of secondary metabolites', 'ko01100': 'Metabolic pathways', 'ko00362': 'Benzoate degradation', 'ko00592': 'alpha-Linolenic acid metabolism'}",2.15,3.5,94.35,26.275,49.45,24.275
K01638,"['aceB, glcB']",malate synthase [EC:2.3.3.9],"{'ko00620': 'Pyruvate metabolism', 'ko01100': 'Metabolic pathways', 'ko01120': 'Microbial metabolism in diverse environments', 'ko01110': 'Biosynthesis of secondary metabolites', 'ko00630': 'Glyoxylate and dicarboxylate metabolism', 'ko01200': 'Carbon metabolism'}",1.975,2.475,95.55,23.675,50.4,25.925
K00262,"['E1.4.1.4, gdhA']",glutamate dehydrogenase (NADP+) [EC:1.4.1.4],"{'ko00910': 'Nitrogen metabolism', 'ko01100': 'Metabolic pathways', 'ko00220': 'Arginine biosynthesis', 'ko00250': 'Alanine, aspartate and glutamate metabolism'}",92.05,6.6,1.35,26.725,50,23.275
K03820,['lnt'],apolipoprotein N-acyltransferase [EC:2.3.1.-],,2.8,9.975,87.225,29.875,48.925,21.2
K01493,['comEB'],dCMP deaminase [EC:3.5.4.12],"{'ko00240': 'Pyrimidine metabolism', 'ko01100': 'Metabolic pathways'}",85.225,11.4,3.375,19.225,47.75,33.025
K03074,['secF'],preprotein translocase subunit SecF,"{'ko03070': 'Bacterial secretion system', 'ko03060': 'Protein export'}",3.475,15.325,81.2,36.75,47.55,15.7
K02823,['pyrDII'],dihydroorotate dehydrogenase electron transfer subunit,"{'ko00240': 'Pyrimidine metabolism', 'ko01100': 'Metabolic pathways'}",79.075,16.15,4.775,10.475,41.275,48.25
K00228,"['CPOX, hemF']",coproporphyrinogen III oxidase [EC:1.3.3.3],"{'ko01100': 'Metabolic pathways', 'ko00860': 'Porphyrin and chlorophyll metabolism', 'ko01110': 'Biosynthesis of secondary metabolites'}",1.85,1.5,96.65,17.9,49.6,32.5
K07133,['K07133'],uncharacterized protein,,74.425,20.325,5.25,8.35,41.625,50.025
K06980,['ygfZ'],tRNA-modifying protein YgfZ,,2.3,6.475,91.225,25.25,50.375,24.375
K00254,"['DHODH, pyrD']",dihydroorotate dehydrogenase [EC:1.3.5.2],"{'ko00240': 'Pyrimidine metabolism', 'ko01100': 'Metabolic pathways'}",3.65,12.625,83.725,40.175,45.6,14.225
K03737,"['por, nifJ']",pyruvate-ferredoxin/flavodoxin oxidoreductase [EC:1.2.7.1 1.2.7.-],"{'ko00020': 'Citrate cycle (TCA cycle)', 'ko01100': 'Metabolic pathways', 'ko01120': 'Microbial metabolism in diverse environments', 'ko00650': 'Butanoate metabolism', 'ko00620': 'Pyruvate metabolism', 'ko00010': 'Glycolysis / Gluconeogenesis', 'ko00720': 'Carbon fixation pathways in prokaryotes', 'ko01130': 'Biosynthesis of antibiotics', 'ko01200': 'Carbon metabolism'}",70.625,22.475,6.9,7.05,38.675,54.275
K03179,['ubiA'],4-hydroxybenzoate polyprenyltransferase [EC:2.5.1.39],"{'ko01100': 'Metabolic pathways', 'ko00130': 'Ubiquinone and other terpenoid-quinone biosynthesis', 'ko01110': 'Biosynthesis of secondary metabolites'}",2.85,6.875,90.275,32.975,48.975,18.05
K01903,['sucC'],succinyl-CoA synthetase beta subunit [EC:6.2.1.5],"{'ko00020': 'Citrate cycle (TCA cycle)', 'ko01120': 'Microbial metabolism in diverse environments', 'ko01130': 'Biosynthesis of antibiotics', 'ko01110': 'Biosynthesis of secondary metabolites', 'ko01100': 'Metabolic pathways', 'ko00640': 'Propanoate metabolism', 'ko00720': 'Carbon fixation pathways in prokaryotes', 'ko00660': 'C5-Branched dibasic acid metabolism', 'ko01200': 'Carbon metabolism'}",5.2,17.875,76.925,52.875,39.8,7.325
K07146,['K07146'],UPF0176 protein,,2.875,6.5,90.625,26,50.15,23.85
K22132,['tcdA'],tRNA threonylcarbamoyladenosine dehydratase,,78.075,16.625,5.3,21.375,48.975,29.65
K00332,['nuoC'],NADH-quinone oxidoreductase subunit C [EC:1.6.5.3],"{'ko00190': 'Oxidative phosphorylation', 'ko01100': 'Metabolic pathways'}",1.65,7.8,90.55,21.6,50.625,27.775
K00681,['ggt'],gamma-glutamyltranspeptidase / glutathione hydrolase [EC:2.3.2.2 3.4.19.13],"{'ko01100': 'Metabolic pathways', 'ko00460': 'Cyanoamino acid metabolism', 'ko00430': 'Taurine and hypotaurine metabolism', 'ko00480': 'Glutathione metabolism'}",2.375,12.625,85,34.4,49.775,15.825
K15034,['yaeJ'],ribosome-associated protein,,1.775,4.95,93.275,21.6,49.575,28.825
K14393,['actP'],cation/acetate symporter,,1.475,3.275,95.25,19.4,49.475,31.125
K00333,['nuoD'],NADH-quinone oxidoreductase subunit D [EC:1.6.5.3],"{'ko00190': 'Oxidative phosphorylation', 'ko01100': 'Metabolic pathways'}",1.85,9.175,88.975,23.125,50.425,26.45
K03152,['thiJ'],protein deglycase [EC:3.5.1.124],,72.825,20.35,6.825,5.525,35.425,59.05
K01880,"['GARS, glyS1']",glycyl-tRNA synthetase [EC:6.1.1.14],{'ko00970': 'Aminoacyl-tRNA biosynthesis'},80.625,14.5,4.875,19.7,49.65,30.65
K08296,['sixA'],phosphohistidine phosphatase [EC:3.1.3.-],,2.875,7.05,90.075,24.525,48.225,27.25
K03072,['secD'],preprotein translocase subunit SecD,"{'ko03070': 'Bacterial secretion system', 'ko03060': 'Protein export'}",3.875,17.3,78.825,37.5,46.35,16.15
K01902,['sucD'],succinyl-CoA synthetase alpha subunit [EC:6.2.1.5],"{'ko00020': 'Citrate cycle (TCA cycle)', 'ko01120': 'Microbial metabolism in diverse environments', 'ko01130': 'Biosynthesis of antibiotics', 'ko01110': 'Biosynthesis of secondary metabolites', 'ko01100': 'Metabolic pathways', 'ko00640': 'Propanoate metabolism', 'ko00720': 'Carbon fixation pathways in prokaryotes', 'ko00660': 'C5-Branched dibasic acid metabolism', 'ko01200': 'Carbon metabolism'}",5.175,18.45,76.375,53.925,39,7.075
K03816,['xpt'],xanthine phosphoribosyltransferase [EC:2.4.2.22],"{'ko00230': 'Purine metabolism', 'ko01100': 'Metabolic pathways', 'ko01110': 'Biosynthesis of secondary metabolites'}",74.75,21.3,3.95,9,40.45,50.55
K01878,['glyQ'],glycyl-tRNA synthetase alpha chain [EC:6.1.1.14],{'ko00970': 'Aminoacyl-tRNA biosynthesis'},5.175,14.175,80.65,30.075,50,19.925
K07137,['K07137'],uncharacterized protein,,75.375,17.95,6.675,15.7,47.95,36.35
K03615,['rnfC'],electron transport complex protein RnfC,,64.7,23.8,11.5,5,33.75,61.25
K06999,['K06999'],phospholipase/carboxylesterase,,2.1,8.125,89.775,26,50.675,23.325
K06204,['dksA'],DnaK suppressor protein,{'ko02026': 'Biofilm formation - Escherichia coli'},1.7,2.375,95.925,16.65,48.475,34.875
K03617,['rnfA'],electron transport complex protein RnfA,,64.95,23.775,11.275,5.75,35.825,58.425
K00610,['pyrI'],aspartate carbamoyltransferase regulatory subunit,"{'ko00240': 'Pyrimidine metabolism', 'ko00250': 'Alanine, aspartate and glutamate metabolism', 'ko01100': 'Metabolic pathways'}",55.45,30.25,14.3,1.975,23.7,74.325
K00242,"['sdhD, frdD']","succinate dehydrogenase / fumarate reductase, membrane anchor subunit","{'ko00020': 'Citrate cycle (TCA cycle)', 'ko00650': 'Butanoate metabolism', 'ko00190': 'Oxidative phosphorylation', 'ko01110': 'Biosynthesis of secondary metabolites', 'ko01100': 'Metabolic pathways', 'ko00720': 'Carbon fixation pathways in prokaryotes', 'ko01130': 'Biosynthesis of antibiotics', 'ko01200': 'Carbon metabolism', 'ko01120': 'Microbial metabolism in diverse environments'}",1.925,0.875,97.2,19.275,49.8,30.925
K00989,['rph'],ribonuclease PH [EC:2.7.7.56],,6.55,18.1,75.35,42.75,45.475,11.775
K01879,['glyS'],glycyl-tRNA synthetase beta chain [EC:6.1.1.14],{'ko00970': 'Aminoacyl-tRNA biosynthesis'},5.225,14.025,80.75,28.875,50.45,20.675
K01920,['gshB'],glutathione synthase [EC:6.3.2.3],"{'ko01100': 'Metabolic pathways', 'ko00270': 'Cysteine and methionine metabolism', 'ko00480': 'Glutathione metabolism'}",1.85,0.9,97.25,14.35,47.575,38.075
K00963,"['UGP2, galU, galF']",UTP--glucose-1-phosphate uridylyltransferase [EC:2.7.7.9],"{'ko01100': 'Metabolic pathways', 'ko00520': 'Amino sugar and nucleotide sugar metabolism', 'ko00500': 'Starch and sucrose metabolism', 'ko01130': 'Biosynthesis of antibiotics', 'ko00040': 'Pentose and glucuronate interconversions', 'ko00052': 'Galactose metabolism'}",12.575,29.7,57.725,56.025,38.5,5.475
K03750,['moeA'],molybdopterin molybdotransferase [EC:2.10.1.1],"{'ko01100': 'Metabolic pathways', 'ko00790': 'Folate biosynthesis'}",4.425,22.625,72.95,43.35,45.025,11.625
K00252,"['GCDH, gcdH']",glutaryl-CoA dehydrogenase [EC:1.3.8.6],"{'ko01100': 'Metabolic pathways', 'ko00362': 'Benzoate degradation', 'ko00310': 'Lysine degradation', 'ko00071': 'Fatty acid degradation', 'ko01130': 'Biosynthesis of antibiotics', 'ko01120': 'Microbial metabolism in diverse environments', 'ko00380': 'Tryptophan metabolism'}",2.25,2.75,95,21.45,48.825,29.725
K00658,"['DLST, sucB']",2-oxoglutarate dehydrogenase E2 component (dihydrolipoamide succinyltransferase) [EC:2.3.1.61],"{'ko01100': 'Metabolic pathways', 'ko00310': 'Lysine degradation', 'ko00020': 'Citrate cycle (TCA cycle)', 'ko01130': 'Biosynthesis of antibiotics', 'ko01120': 'Microbial metabolism in diverse environments', 'ko01200': 'Carbon metabolism', 'ko01110': 'Biosynthesis of secondary metabolites'}",5.65,14.4,79.95,48.525,42.475,9
K00121,"['frmA, ADH5, adhC']",S-(hydroxymethyl)glutathione dehydrogenase / alcohol dehydrogenase [EC:1.1.1.284 1.1.1.1],"{'ko00830': 'Retinol metabolism', 'ko00625': 'Chloroalkane and chloroalkene degradation', 'ko00680': 'Methane metabolism', 'ko00010': 'Glycolysis / Gluconeogenesis', 'ko00980': 'Metabolism of xenobiotics by cytochrome P450', 'ko00350': 'Tyrosine metabolism', 'ko01110': 'Biosynthesis of secondary metabolites', 'ko01100': 'Metabolic pathways', 'ko05204': 'Chemical carcinogenesis', 'ko01130': 'Biosynthesis of antibiotics', 'ko00626': 'Naphthalene degradation', 'ko00071': 'Fatty acid degradation', 'ko01220': 'Degradation of aromatic compounds', 'ko01120': 'Microbial metabolism in diverse environments', 'ko00982': 'Drug metabolism - cytochrome P450', 'ko01200': 'Carbon metabolism'}",1.925,5.775,92.3,18.4,50.175,31.425
K06891,['clpS'],ATP-dependent Clp protease adaptor protein ClpS,,4.425,15.05,80.525,40.275,45.7,14.025
K00970,['pcnB'],poly(A) polymerase [EC:2.7.7.19],{'ko03018': 'RNA degradation'},3.75,15.175,81.075,30.9,49.275,19.825
K00982,['glnE'],[glutamine synthetase] adenylyltransferase / [glutamine synthetase]-adenylyl-L-tyrosine phosphorylase [EC:2.7.7.42 2.7.7.89],,3.05,9.7,87.25,24.575,50.3,25.125
K05786,['rarD'],chloramphenicol-sensitive protein RarD,,2.45,9.475,88.075,23.4,50.525,26.075
K00362,['nirB'],nitrite reductase (NADH) large subunit [EC:1.7.1.15],"{'ko00910': 'Nitrogen metabolism', 'ko01120': 'Microbial metabolism in diverse environments'}",1.55,2.35,96.1,16.575,49.025,34.4
K03782,['katG'],catalase-peroxidase [EC:1.11.1.21],"{'ko01100': 'Metabolic pathways', 'ko00360': 'Phenylalanine metabolism', 'ko00940': 'Phenylpropanoid biosynthesis', 'ko00380': 'Tryptophan metabolism', 'ko00983': 'Drug metabolism - other enzymes', 'ko01110': 'Biosynthesis of secondary metabolites'}",1.675,2.575,95.75,18.675,49.525,31.8
K04759,['feoB'],ferrous iron transport protein B,,88.575,9.875,1.55,32.45,49.15,18.4
K01006,['ppdK'],"pyruvate, orthophosphate dikinase [EC:2.7.9.1]","{'ko00620': 'Pyruvate metabolism', 'ko00720': 'Carbon fixation pathways in prokaryotes', 'ko01100': 'Metabolic pathways', 'ko00710': 'Carbon fixation in photosynthetic organisms', 'ko01200': 'Carbon metabolism', 'ko01120': 'Microbial metabolism in diverse environments'}",79.775,14.7,5.525,20.725,48.975,30.3
K09791,['K09791'],uncharacterized protein,,0.925,2.225,96.85,16.45,48.25,35.3
K06916,['zapE'],cell division protein ZapE,,1.925,0.85,97.225,17.575,49,33.425
K03169,['topB'],DNA topoisomerase III [EC:5.99.1.2],,67.3,25.225,7.475,20.625,48.15,31.225
K00651,['metA'],homoserine O-succinyltransferase [EC:2.3.1.46],"{'ko01100': 'Metabolic pathways', 'ko00270': 'Cysteine and methionine metabolism', 'ko00920': 'Sulfur metabolism', 'ko01230': 'Biosynthesis of amino acids', 'ko01110': 'Biosynthesis of secondary metabolites'}",79.5,16.8,3.7,14,46.875,39.125
K09157,['K09157'],uncharacterized protein,,71.875,13.3,14.825,4.375,33.15,62.475
K07390,"['grxD, GLRX5']",monothiol glutaredoxin,,1.875,0.975,97.15,13.95,47.15,38.9
K01061,['E3.1.1.45'],carboxymethylenebutenolidase [EC:3.1.1.45],"{'ko00623': 'Toluene degradation', 'ko01100': 'Metabolic pathways', 'ko00361': 'Chlorocyclohexane and chlorobenzene degradation', 'ko00364': 'Fluorobenzoate degradation', 'ko01120': 'Microbial metabolism in diverse environments', 'ko01130': 'Biosynthesis of antibiotics', 'ko01110': 'Biosynthesis of secondary metabolites'}",1.175,1.175,97.65,14.8,48.075,37.125
K03976,"['ybaK, ebsC']",Cys-tRNA(Pro)/Cys-tRNA(Cys) deacylase [EC:3.1.1.-],,92.175,6.625,1.2,28.325,49.35,22.325
K00459,"['ncd2, npd']",nitronate monooxygenase [EC:1.13.12.16],{'ko00910': 'Nitrogen metabolism'},1.7,4.175,94.125,20.275,49.725,30
K00390,['cysH'],phosphoadenosine phosphosulfate reductase [EC:1.8.4.8 1.8.4.10],"{'ko01120': 'Microbial metabolism in diverse environments', 'ko01100': 'Metabolic pathways', 'ko00920': 'Sulfur metabolism'}",4.175,24.625,71.2,37.55,47.475,14.975
K01637,"['E4.1.3.1, aceA']",isocitrate lyase [EC:4.1.3.1],"{'ko01120': 'Microbial metabolism in diverse environments', 'ko01100': 'Metabolic pathways', 'ko01110': 'Biosynthesis of secondary metabolites', 'ko01200': 'Carbon metabolism', 'ko00630': 'Glyoxylate and dicarboxylate metabolism'}",1.625,2.275,96.1,15.8,48.2,36
K00568,['ubiG'],2-polyprenyl-6-hydroxyphenyl methylase / 3-demethylubiquinone-9 3-methyltransferase [EC:2.1.1.222 2.1.1.64],"{'ko01100': 'Metabolic pathways', 'ko00130': 'Ubiquinone and other terpenoid-quinone biosynthesis', 'ko01110': 'Biosynthesis of secondary metabolites'}",1.875,0.725,97.4,13.675,47.175,39.15
K03644,['lipA'],lipoyl synthase [EC:2.8.1.8],"{'ko00785': 'Lipoic acid metabolism', 'ko01100': 'Metabolic pathways'}",11.75,16.7,71.55,57.925,36.175,5.9
K09001,['anmK'],anhydro-N-acetylmuramic acid kinase [EC:2.7.1.170],,2.875,10,87.125,25.225,49.475,25.3
K07166,['K07166'],ACT domain-containing protein,,68.15,16.675,15.175,3.65,31.975,64.375
K00990,['glnD'],[protein-PII] uridylyltransferase [EC:2.7.7.59],{'ko02020': 'Two-component system'},2.4,5.225,92.375,19.525,49.65,30.825
K00163,['aceE'],pyruvate dehydrogenase E1 component [EC:1.2.4.1],"{'ko00020': 'Citrate cycle (TCA cycle)', 'ko01100': 'Metabolic pathways', 'ko01120': 'Microbial metabolism in diverse environments', 'ko00010': 'Glycolysis / Gluconeogenesis', 'ko01110': 'Biosynthesis of secondary metabolites', 'ko00620': 'Pyruvate metabolism', 'ko01130': 'Biosynthesis of antibiotics', 'ko01200': 'Carbon metabolism'}",1.525,3.675,94.8,18.975,48.775,32.25
K06929,['K06929'],uncharacterized protein,,1.8,7.875,90.325,16.35,47.05,36.6
K00457,"['HPD, hppD']",4-hydroxyphenylpyruvate dioxygenase [EC:1.13.11.27],"{'ko01100': 'Metabolic pathways', 'ko00350': 'Tyrosine metabolism', 'ko00130': 'Ubiquinone and other terpenoid-quinone biosynthesis', 'ko00360': 'Phenylalanine metabolism'}",1.625,2.775,95.6,18.05,49.575,32.375
K06193,['phnA'],protein PhnA,{'ko01120': 'Microbial metabolism in diverse environments'},3.1,8.725,88.175,22.825,50.325,26.85
K02116,['atpI'],ATP synthase protein I,,1.925,9.15,88.925,15.9,50.65,33.45
K01029,"['E2.8.3.5B, scoB']",3-oxoacid CoA-transferase subunit B [EC:2.8.3.5],"{'ko00650': 'Butanoate metabolism', 'ko00072': 'Synthesis and degradation of ketone bodies', 'ko00280': 'Valine, leucine and isoleucine degradation'}",2.275,3.325,94.4,17.825,49.375,32.8
K14162,['dnaE2'],error-prone DNA polymerase [EC:2.7.7.7],,1.025,2.6,96.375,16.625,47.4,35.975
K03752,['mobA'],molybdenum cofactor guanylyltransferase [EC:2.7.7.77],"{'ko01100': 'Metabolic pathways', 'ko00790': 'Folate biosynthesis'}",2.15,8,89.85,15.85,48.35,35.8
K01595,['ppc'],phosphoenolpyruvate carboxylase [EC:4.1.1.31],"{'ko00620': 'Pyruvate metabolism', 'ko00680': 'Methane metabolism', 'ko00720': 'Carbon fixation pathways in prokaryotes', 'ko01100': 'Metabolic pathways', 'ko00710': 'Carbon fixation in photosynthetic organisms', 'ko01200': 'Carbon metabolism', 'ko01120': 'Microbial metabolism in diverse environments'}",4.425,15.05,80.525,28.6,49.075,22.325
K08973,['K08973'],putative membrane protein,,2.425,2.75,94.825,16.05,47.75,36.2
K03117,['tatB'],sec-independent protein translocase protein TatB,"{'ko03070': 'Bacterial secretion system', 'ko03060': 'Protein export'}",2.1,9.575,88.325,22.125,50.2,27.675
K07139,['K07139'],uncharacterized protein,,65.675,22.325,12,8.4,38.775,52.825
K00363,['nirD'],nitrite reductase (NADH) small subunit [EC:1.7.1.15],"{'ko00910': 'Nitrogen metabolism', 'ko01120': 'Microbial metabolism in diverse environments'}",0.825,2.225,96.95,13.525,47.325,39.15
K09773,['ppsR'],"[pyruvate, water dikinase]-phosphate phosphotransferase / [pyruvate, water dikinase] kinase [EC:2.7.4.28 2.7.11.33]",,3.65,13.075,83.275,20.85,50.15,29
K04041,['fbp3'],"fructose-1,6-bisphosphatase III [EC:3.1.3.11]","{'ko00051': 'Fructose and mannose metabolism', 'ko00680': 'Methane metabolism', 'ko00010': 'Glycolysis / Gluconeogenesis', 'ko01120': 'Microbial metabolism in diverse environments', 'ko00030': 'Pentose phosphate pathway', 'ko01110': 'Biosynthesis of secondary metabolites', 'ko01100': 'Metabolic pathways', 'ko01130': 'Biosynthesis of antibiotics', 'ko00710': 'Carbon fixation in photosynthetic organisms', 'ko01200': 'Carbon metabolism'}",47,38.6,14.4,2.525,25.875,71.6
K01640,"['E4.1.3.4, HMGCL, hmgL']",hydroxymethylglutaryl-CoA lyase [EC:4.1.3.4],"{'ko01100': 'Metabolic pathways', 'ko00072': 'Synthesis and degradation of ketone bodies', 'ko04146': 'Peroxisome', 'ko00280': 'Valine, leucine and isoleucine degradation', 'ko00650': 'Butanoate metabolism', 'ko00281': 'Geraniol degradation'}",1.7,5.425,92.875,21.15,50.925,27.925
K00940,"['ndk, NME']",nucleoside-diphosphate kinase [EC:2.7.4.6],"{'ko00230': 'Purine metabolism', 'ko00983': 'Drug metabolism - other enzymes', 'ko01100': 'Metabolic pathways', 'ko00240': 'Pyrimidine metabolism', 'ko04016': 'MAPK signaling pathway - plant', 'ko01130': 'Biosynthesis of antibiotics', 'ko01110': 'Biosynthesis of secondary metabolites'}",9.75,29.3,60.95,69.4,27.575,3.025
K03613,['rnfE'],electron transport complex protein RnfE,,61.3,26.45,12.25,5.45,35.875,58.675
K02303,['cobA'],uroporphyrin-III C-methyltransferase [EC:2.1.1.107],"{'ko01120': 'Microbial metabolism in diverse environments', 'ko01100': 'Metabolic pathways', 'ko00860': 'Porphyrin and chlorophyll metabolism', 'ko01110': 'Biosynthesis of secondary metabolites'}",1.025,3.225,95.75,14.225,47.525,38.25
K00241,"['sdhC, frdC']","succinate dehydrogenase / fumarate reductase, cytochrome b subunit","{'ko00020': 'Citrate cycle (TCA cycle)', 'ko00650': 'Butanoate metabolism', 'ko00190': 'Oxidative phosphorylation', 'ko01110': 'Biosynthesis of secondary metabolites', 'ko01100': 'Metabolic pathways', 'ko00720': 'Carbon fixation pathways in prokaryotes', 'ko01130': 'Biosynthesis of antibiotics', 'ko01200': 'Carbon metabolism', 'ko01120': 'Microbial metabolism in diverse environments'}",14.45,11.5,74.05,55.5,37.85,6.65
K02415,['fliL'],flagellar FliL protein,,0.725,6.05,93.225,10.825,46.05,43.125
K04755,['fdx'],"ferredoxin, 2Fe-2S",,2.675,2.675,94.65,17.025,48,34.975
K00275,"['pdxH, PNPO']",pyridoxamine 5'-phosphate oxidase [EC:1.4.3.5],"{'ko00750': 'Vitamin B6 metabolism', 'ko01100': 'Metabolic pathways', 'ko01120': 'Microbial metabolism in diverse environments'}",7.025,8.15,84.825,31.9,49.125,18.975
K07516,['fadN'],3-hydroxyacyl-CoA dehydrogenase [EC:1.1.1.35],"{'ko01100': 'Metabolic pathways', 'ko00362': 'Benzoate degradation', 'ko00071': 'Fatty acid degradation', 'ko00650': 'Butanoate metabolism', 'ko01120': 'Microbial metabolism in diverse environments', 'ko01212': 'Fatty acid metabolism', 'ko01200': 'Carbon metabolism'}",1.6,2.675,95.725,14.025,47.525,38.45
K00019,"['E1.1.1.30, bdh']",3-hydroxybutyrate dehydrogenase [EC:1.1.1.30],"{'ko01100': 'Metabolic pathways', 'ko00072': 'Synthesis and degradation of ketone bodies', 'ko00650': 'Butanoate metabolism'}",0.95,1.45,97.6,14.55,47.2,38.25
K09767,['yajQ'],cyclic-di-GMP-binding protein,,1.6,11.8,86.6,21.375,50.475,28.15
K02535,['lpxC'],UDP-3-O-[3-hydroxymyristoyl] N-acetylglucosamine deacetylase [EC:3.5.1.108],"{'ko01100': 'Metabolic pathways', 'ko00540': 'Lipopolysaccharide biosynthesis'}",1.425,3.625,94.95,14.725,47.125,38.15
K03801,['lipB'],lipoyl(octanoyl) transferase [EC:2.3.1.181],"{'ko00785': 'Lipoic acid metabolism', 'ko01100': 'Metabolic pathways'}",10.2,12.35,77.45,45.1,43.475,11.425
K00705,['malQ'],4-alpha-glucanotransferase [EC:2.4.1.25],"{'ko01100': 'Metabolic pathways', 'ko00500': 'Starch and sucrose metabolism'}",77.925,18.35,3.725,21.6,49.775,28.625
K03089,['rpoH'],RNA polymerase sigma-32 factor,,1.875,1.3,96.825,13.325,47.15,39.525
K11473,['glcF'],glycolate oxidase iron-sulfur subunit,"{'ko01120': 'Microbial metabolism in diverse environments', 'ko01100': 'Metabolic pathways', 'ko01110': 'Biosynthesis of secondary metabolites', 'ko00630': 'Glyoxylate and dicarboxylate metabolism', 'ko01130': 'Biosynthesis of antibiotics'}",0.675,0.75,98.575,8.575,43.525,47.9
K09780,['K09780'],uncharacterized protein,,1.275,6.475,92.25,15.35,47.675,36.975
K02427,"['rlmE, rrmJ, ftsJ']",23S rRNA (uridine2552-2'-O)-methyltransferase [EC:2.1.1.166],,1.925,2.675,95.4,13.8,46.775,39.425
K02446,['glpX'],"fructose-1,6-bisphosphatase II [EC:3.1.3.11]","{'ko00051': 'Fructose and mannose metabolism', 'ko00680': 'Methane metabolism', 'ko00010': 'Glycolysis / Gluconeogenesis', 'ko01120': 'Microbial metabolism in diverse environments', 'ko00030': 'Pentose phosphate pathway', 'ko01110': 'Biosynthesis of secondary metabolites', 'ko01100': 'Metabolic pathways', 'ko01130': 'Biosynthesis of antibiotics', 'ko00710': 'Carbon fixation in photosynthetic organisms', 'ko01200': 'Carbon metabolism'}",0.65,3.225,96.125,8.675,40.975,50.35
K04764,"['ihfA, himA']",integration host factor subunit alpha,,1.875,1.4,96.725,13.225,46.925,39.85
K05788,"['ihfB, himD']",integration host factor subunit beta,,1.95,3.75,94.3,13.95,47.025,39.025
K06871,['K06871'],uncharacterized protein,,63.65,25.75,10.6,7.275,39.4,53.325
K03666,['hfq'],host factor-I protein,"{'ko02024': 'Quorum sensing', 'ko03018': 'RNA degradation', 'ko05111': 'Biofilm formation - Vibrio cholerae'}",3.3,14.175,82.525,22.75,50.775,26.475
K02394,['flgI'],flagellar P-ring protein precursor FlgI,{'ko02040': 'Flagellar assembly'},0.725,1.675,97.6,10.225,43.375,46.4
K03340,['dapdh'],diaminopimelate dehydrogenase [EC:1.4.1.16],"{'ko00300': 'Lysine biosynthesis', 'ko01100': 'Metabolic pathways', 'ko01230': 'Biosynthesis of amino acids', 'ko01110': 'Biosynthesis of secondary metabolites'}",32.075,43.8,24.125,1.475,23.375,75.15
K00641,['metX'],homoserine O-acetyltransferase [EC:2.3.1.31],"{'ko01100': 'Metabolic pathways', 'ko00270': 'Cysteine and methionine metabolism', 'ko01130': 'Biosynthesis of antibiotics'}",2.175,11.95,85.875,26.2,49.9,23.9
K03593,"['mrp, NUBPL']",ATP-binding protein involved in chromosome partitioning,,16.2,13.85,69.95,59.45,35.1,5.45
K00656,"['E2.3.1.54, pflD']",formate C-acetyltransferase [EC:2.3.1.54],"{'ko01120': 'Microbial metabolism in diverse environments', 'ko00620': 'Pyruvate metabolism', 'ko00650': 'Butanoate metabolism', 'ko00640': 'Propanoate metabolism', 'ko01100': 'Metabolic pathways'}",78.725,17.125,4.15,11.875,45,43.125
K00381,['cysI'],sulfite reductase (NADPH) hemoprotein beta-component [EC:1.8.1.2],"{'ko01120': 'Microbial metabolism in diverse environments', 'ko01100': 'Metabolic pathways', 'ko00920': 'Sulfur metabolism'}",1.85,2.4,95.75,13.15,46.7,40.15
K00048,['fucO'],lactaldehyde reductase [EC:1.1.1.77],"{'ko01120': 'Microbial metabolism in diverse environments', 'ko00630': 'Glyoxylate and dicarboxylate metabolism', 'ko00640': 'Propanoate metabolism'}",35.475,42.625,21.9,0.875,19.65,79.475
K01692,"['paaF, echA']",enoyl-CoA hydratase [EC:4.2.1.17],"{'ko00650': 'Butanoate metabolism', 'ko01120': 'Microbial metabolism in diverse environments', 'ko01212': 'Fatty acid metabolism', 'ko01110': 'Biosynthesis of secondary metabolites', 'ko01100': 'Metabolic pathways', 'ko00362': 'Benzoate degradation', 'ko00903': 'Limonene and pinene degradation', 'ko00360': 'Phenylalanine metabolism', 'ko01130': 'Biosynthesis of antibiotics', 'ko00071': 'Fatty acid degradation', 'ko00280': 'Valine, leucine and isoleucine degradation', 'ko00627': 'Aminobenzoate degradation', 'ko00410': 'beta-Alanine metabolism', 'ko00281': 'Geraniol degradation', 'ko00930': 'Caprolactam degradation', 'ko00310': 'Lysine degradation', 'ko00640': 'Propanoate metabolism', 'ko00380': 'Tryptophan metabolism'}",1.225,1.875,96.9,12.35,45.65,42
K03562,['tolQ'],biopolymer transport protein TolQ,{'ko01120': 'Microbial metabolism in diverse environments'},1.75,2.85,95.4,13.5,47.15,39.35
K03652,['MPG'],DNA-3-methyladenine glycosylase [EC:3.2.2.21],{'ko03410': 'Base excision repair'},1.275,11.275,87.45,16.6,49.925,33.475
K03560,['tolR'],biopolymer transport protein TolR,,1.75,1.475,96.775,12.375,46.2,41.425
K07399,"['resB, ccs1']",cytochrome c biogenesis protein,,0.45,1.25,98.3,8.925,42.225,48.85
K03641,['tolB'],TolB protein,,1.725,3.65,94.625,15.025,47.925,37.05
K00799,"['GST, gst']",glutathione S-transferase [EC:2.5.1.18],"{'ko05200': 'Pathways in cancer', 'ko00980': 'Metabolism of xenobiotics by cytochrome P450', 'ko00983': 'Drug metabolism - other enzymes', 'ko05225': 'Hepatocellular carcinoma', 'ko00480': 'Glutathione metabolism', 'ko01524': 'Platinum drug resistance', 'ko00982': 'Drug metabolism - cytochrome P450', 'ko05204': 'Chemical carcinogenesis', 'ko05418': 'Fluid shear stress and atherosclerosis'}",1.8,1.325,96.875,13.05,47.125,39.825
K01679,"['E4.2.1.2B, fumC']","fumarate hydratase, class II [EC:4.2.1.2]","{'ko00020': 'Citrate cycle (TCA cycle)', 'ko01100': 'Metabolic pathways', 'ko01120': 'Microbial metabolism in diverse environments', 'ko05200': 'Pathways in cancer', 'ko01110': 'Biosynthesis of secondary metabolites', 'ko00620': 'Pyruvate metabolism', 'ko00720': 'Carbon fixation pathways in prokaryotes', 'ko01130': 'Biosynthesis of antibiotics', 'ko05211': 'Renal cell carcinoma', 'ko01200': 'Carbon metabolism'}",4.575,19.75,75.675,53.65,39.975,6.375
K03324,['yjbB'],phosphate:Na+ symporter,,69.075,22.3,8.625,14.025,45.075,40.9
K07456,['mutS2'],DNA mismatch repair protein MutS2,{'ko03430': 'Mismatch repair'},73.65,20.925,5.425,18.825,47.9,33.275
K01556,"['KYNU, kynU']",kynureninase [EC:3.7.1.3],"{'ko00380': 'Tryptophan metabolism', 'ko01100': 'Metabolic pathways'}",0.375,1.925,97.7,11.675,45.075,43.25
K03183,['ubiE'],"demethylmenaquinone methyltransferase / 2-methoxy-6-polyprenyl-1,4-benzoquinol methylase [EC:2.1.1.163 2.1.1.201]","{'ko01100': 'Metabolic pathways', 'ko00130': 'Ubiquinone and other terpenoid-quinone biosynthesis', 'ko01110': 'Biosynthesis of secondary metabolites'}",17,24.675,58.325,66.575,29.6,3.825
K01938,['fhs'],formate--tetrahydrofolate ligase [EC:6.3.4.3],"{'ko01120': 'Microbial metabolism in diverse environments', 'ko01100': 'Metabolic pathways', 'ko00670': 'One carbon pool by folate', 'ko00720': 'Carbon fixation pathways in prokaryotes', 'ko01200': 'Carbon metabolism'}",81.5,16.275,2.225,22.9,50.5,26.6
K16363,['lpxC-fabZ'],UDP-3-O-[3-hydroxymyristoyl] N-acetylglucosamine deacetylase / 3-hydroxyacyl-[acyl-carrier-protein] dehydratase [EC:3.5.1.108 4.2.1.59],"{'ko00061': 'Fatty acid biosynthesis', 'ko00540': 'Lipopolysaccharide biosynthesis', 'ko01212': 'Fatty acid metabolism', 'ko01100': 'Metabolic pathways'}",11.425,2.15,86.425,1.3,22.7,76
K03316,['TC.CPA1'],"monovalent cation:H+ antiporter, CPA1 family",,4.65,14.425,80.925,23.475,48.95,27.575
K03308,['TC.NSS'],"neurotransmitter:Na+ symporter, NSS family",,72.225,20.575,7.2,14.1,47.4,38.5
K08300,['rne'],ribonuclease E [EC:3.1.26.12],{'ko03018': 'RNA degradation'},2.65,9.275,88.075,19.15,50.025,30.825
K05520,['pfpI'],protease I [EC:3.5.1.124],,2.25,12.2,85.55,23.575,51.9,24.525
K03116,['tatA'],sec-independent protein translocase protein TatA,"{'ko03070': 'Bacterial secretion system', 'ko03060': 'Protein export'}",6.4,22.075,71.525,56.35,36.525,7.125
K18707,['mtaB'],threonylcarbamoyladenosine tRNA methylthiotransferase MtaB [EC:2.8.4.5],,76.725,17.3,5.975,24,49.925,26.075
K00850,"['pfkA, PFK']",6-phosphofructokinase 1 [EC:2.7.1.11],"{'ko00051': 'Fructose and mannose metabolism', 'ko00680': 'Methane metabolism', 'ko01230': 'Biosynthesis of amino acids', 'ko00010': 'Glycolysis / Gluconeogenesis', 'ko01120': 'Microbial metabolism in diverse environments', 'ko01200': 'Carbon metabolism', 'ko00030': 'Pentose phosphate pathway', 'ko01110': 'Biosynthesis of secondary metabolites', 'ko05230': 'Central carbon metabolism in cancer', 'ko01100': 'Metabolic pathways', 'ko03018': 'RNA degradation', 'ko01130': 'Biosynthesis of antibiotics', 'ko04152': 'AMPK signaling pathway', 'ko00052': 'Galactose metabolism'}",82.55,13.15,4.3,22,49.325,28.675
K04069,"['pflA, pflC, pflE']",pyruvate formate lyase activating enzyme [EC:1.97.1.4],,84.5,11.95,3.55,17.875,48.525,33.6
K08972,['K08972'],putative membrane protein,,3,11.25,85.75,14.5,47.325,38.175
K08311,['nudH'],putative (di)nucleoside polyphosphate hydrolase [EC:3.6.1.-],{'ko03018': 'RNA degradation'},1.875,1.85,96.275,12.225,45.9,41.875
K00684,['aat'],leucyl/phenylalanyl-tRNA---protein transferase [EC:2.3.2.6],,3.625,9.075,87.3,23.075,49.575,27.35
K00943,"['tmk, DTYMK']",dTMP kinase [EC:2.7.4.9],"{'ko00240': 'Pyrimidine metabolism', 'ko01100': 'Metabolic pathways'}",21.6,34.575,43.825,69.6,28.025,2.375
K10764,['metZ'],O-succinylhomoserine sulfhydrylase [EC:2.5.1.-],"{'ko01100': 'Metabolic pathways', 'ko00270': 'Cysteine and methionine metabolism', 'ko00920': 'Sulfur metabolism'}",1.55,1.7,96.75,12.775,45.1,42.125
K06195,['apaG'],ApaG protein,,1.025,1.775,97.2,10.85,44.95,44.2
K00140,"['mmsA, iolA, ALDH6A1']",malonate-semialdehyde dehydrogenase (acetylating) / methylmalonate-semialdehyde dehydrogenase [EC:1.2.1.18 1.2.1.27],"{'ko00562': 'Inositol phosphate metabolism', 'ko01100': 'Metabolic pathways', 'ko00640': 'Propanoate metabolism', 'ko00280': 'Valine, leucine and isoleucine degradation', 'ko00410': 'beta-Alanine metabolism', 'ko01200': 'Carbon metabolism'}",1.825,8.675,89.5,22.075,49.875,28.05
K07113,['fxsA'],UPF0716 protein FxsA,,1.55,2.1,96.35,10.7,41.7,47.6
K00020,"['mmsB, HIBADH']",3-hydroxyisobutyrate dehydrogenase [EC:1.1.1.31],"{'ko01100': 'Metabolic pathways', 'ko00280': 'Valine, leucine and isoleucine degradation'}",2.95,15.225,81.825,29.525,49.5,20.975
K02825,['pyrR'],pyrimidine operon attenuation protein / uracil phosphoribosyltransferase [EC:2.4.2.9],"{'ko00240': 'Pyrimidine metabolism', 'ko01100': 'Metabolic pathways'}",6.175,24.675,69.15,33.5,49.475,17.025
K10804,['tesA'],acyl-CoA thioesterase I [EC:3.1.2.- 3.1.1.5],{'ko01040': 'Biosynthesis of unsaturated fatty acids'},1.45,1.675,96.875,11.975,45.675,42.35
K00208,['fabI'],enoyl-[acyl-carrier protein] reductase I [EC:1.3.1.9 1.3.1.10],"{'ko01100': 'Metabolic pathways', 'ko00333': 'Prodigiosin biosynthesis', 'ko00780': 'Biotin metabolism', 'ko01130': 'Biosynthesis of antibiotics', 'ko00061': 'Fatty acid biosynthesis', 'ko01212': 'Fatty acid metabolism'}",13.2,7.65,79.15,38.45,46.775,14.775
K01572,['oadB'],"oxaloacetate decarboxylase, beta subunit [EC:4.1.1.3]","{'ko00620': 'Pyruvate metabolism', 'ko01100': 'Metabolic pathways'}",56.375,30.425,13.2,4.075,30.95,64.975
K07723,['ndoAI'],CopG family transcriptional regulator / antitoxin EndoAI,,0.3,4.575,95.125,0.85,17.2,81.95
K03118,['tatC'],sec-independent protein translocase protein TatC,"{'ko03070': 'Bacterial secretion system', 'ko03060': 'Protein export'}",14.35,19.625,66.025,60.7,34.25,5.05
K03579,['hrpB'],ATP-dependent helicase HrpB [EC:3.6.4.13],,1.3,2.825,95.875,12.45,45.65,41.9
